eeg_id,seizure_vote,lpd_vote,gpd_vote,lrda_vote,grda_vote,other_vote
3911565283,0.14305679500102997,0.1511765569448471,0.13985034823417664,0.2607925832271576,0.12687809765338898,0.1782456636428833
